Model,Price
"IPhone 18 Pro Max With FaceTime - 2TB, 12GB RAM","215,500"
"IPhone 18 Pro With FaceTime - 2TB, 12GB RAM","199,990"
"IPhone 18 Pro Max With FaceTime - 1TB, 12GB RAM","165,500"
"IPhone 18 Pro With FaceTime - 1TB, 12GB RAM","155,500"
"IPhone 17 Pro Max With FaceTime - 1TB, 12GB RAM","139,999"
"IPhone 18 Pro Max With FaceTime - 512GB, 12GB RAM","129,900"
"IPhone 17 Pro With FaceTime - 1TB, 12GB RAM","123,000"
"IPhone 18 Pro With FaceTime - 512GB, 12GB RAM","121,100"
"IPhone 17 Pro Max With FaceTime - 512GB, 12GB RAM","115,000"
"IPhone 17 Pro With FaceTime - 512GB, 12GB RAM","107,777"
"IPhone 17 Pro Max With FaceTime - (256GB), 12GB RAM","98,888"
"IPhone 18 Pro With FaceTime - 256GB, 12GB RAM","99,990"
"Samsung Galaxy S26 Ultra Dual SIM - 1TB, 16GB RAM 5G","97,555"
"Vivo X300 Ultra Dual Sim - 512GB, 16GB Ram, 5G","94,999"
"Honor Magic V5 Dual Sim - 512GB, 16GB RAM, 5G","88,888"
"IPhone 17 Pro With FaceTime - 256GB, 12GB RAM","88,800"
"IPhone 16 Plus With FaceTime - (256GB), 8GB RAM","80,000"
"IPhone Air With FaceTime - 256GB, 8GB RAM","79,900"
"IPhone 17 With FaceTime - 256GB, 8GB RAM","77,700"
"Samsung Galaxy S25 Ultra Dual SIM - 512GB, 12GB RAM 5G","75,333"
"Samsung Galaxy S26 Ultra Dual SIM - 256GB, 12GB RAM 5G","73,777"
"IPhone 16 Plus With FaceTime - 128GB, 8GB RAM","72,800"
"Honor Magic 8 Pro Dual Sim - 512GB, 12GB RAM, 5G","69,999"
"IPhone 16 With FaceTime - 128GB, 8GB RAM","67,777"
"Samsung Galaxy S25 Ultra Dual SIM - 256GB, 12GB RAM 5G","66,790"
"Samsung Galaxy S26 Plus Dual SIM - 256GB, 12GB RAM 5G","60,222"
"iPhone 17e With FaceTime - 256GB, 8GB RAM","59,900"
"IPhone 15 With FaceTime - 128GB, 6GB RAM","57,900"
"Xiaomi 17T Pro Dual Sim – 512GB, 12GB Ram, 5G","53,999"
"Honor 600 Pro Dual Sim - 512GB , 12GB RAM,5G","53,599"
"Samsung Galaxy S26 FE Dual SIM - 512GB, 8GB RAM 5G","51,590"
"Samsung Galaxy S26 Dual SIM - 256GB, 12GB RAM 5G","50,500"
"Samsung Galaxy S26 FE Dual SIM - 256GB, 8GB RAM 5G","41,222"
"Xiaomi 17T Dual Sim – 512GB, 12GB Ram, 5G","40,999"
"Samsung Galaxy A57 Dual Sim - 512GB, 12GB Ram, 5G","39,950"
"Vivo V70 Dual Sim - 256GB, 12GB Ram, 5G","37,999"
"Xiaomi 17T Dual Sim – 256GB, 12GB Ram, 5G","37,999"
"Infinix GT 50 Pro Dual Sim - 512GB,12GB Ram,5G","35,444"
"Vivo V70 Dual Sim - 256GB, 8GB Ram, 5G","34,999"
"Oppo Reno 16F Dual Sim - 256GB, 12GB Ram,5G","33,999"
"Nothing Phone 3a Pro Dual Sim - 256GB, 12GB Ram, 5G","33,999"
"Samsung Galaxy A57 Dual Sim - 256GB, 12GB Ram, 5G","33,888"
"Honor 600 Dual Sim - 256GB , 12GB RAM,5G","32,899"
"Oppo Reno 16F Dual Sim - 256GB, 8GB Ram,5G","29,999"
"Infinix GT 50 Pro Dual Sim - 256GB,12GB Ram,5G","29,999"
"Realme 16 Pro Dual Sim - 256GB , 12GB RAM,5G","29,999"
"Honor 600 Dual Sim - 256GB , 8GB RAM,5G","29,888"
"Samsung Galaxy A57 Dual Sim - 256GB, 8GB Ram, 5G","29,888"
"Realme 15 Pro Dual Sim - 256GB , 12GB RAM,5G","29,555"
"Samsung Galaxy A37 Dual Sim - 256GB, 12GB Ram, 5G","29,190"
"Samsung Galaxy A56 Dual Sim - 256GB, 8GB Ram, 5G","28,444"
"Vivo V70 FE Dual Sim - 256GB, 12GB Ram, 5G","27,999"
"Infinix Note 60 Pro Dual Sim - 256GB,12GB Ram,5G","27,999"
"Vivo V70 FE Dual Sim - 256GB, 8GB Ram, 5G","25,999"
"Honor X9d Dual Sim - 256GB, 12GB RAM, 5G","25,333"
"Samsung Galaxy A37 Dual Sim - 256GB, 8GB Ram, 5G","25,290"
"Realme 16 Dual Sim - 256GB , 8GB RAM,5G","23,999"
"Realme 15 Dual Sim - 256GB , 12GB RAM,5G","22,444"
"Honor 600 Lite Dual Sim - 256GB , 8GB RAM,5G","22,333"
"Huawei Nova 15 Max Dual Sim - 256GB, 8GB Ram, 4G","21,999"
"Infinix Note 60 Dual Sim - 256GB,8GB Ram,5G","21,450"
"Samsung Galaxy A17 Dual Sim - 256GB, 8GB Ram, 5G","20,590"
"Tecno Camon 40 Pro Dual Sim - 256GB, 12GB RAM, 5G","20,555"
"Vivo Y500 Dual Sim - 256GB, 8GB RAM, 4G","19,999"
"Honor 600 Lite Dual Sim - 128GB , 8GB RAM,5G","19,777"
"Oppo A6 Dual Sim - 256GB,8GB Ram,5G","19,333"
"Realme 15T Dual Sim - 256GB , 12GB RAM,5G","18,999"
"Samsung Galaxy A17 Dual Sim - 256GB, 8GB Ram, 4G","18,290"
"Vivo Y500 Dual Sim - 256GB, 6GB RAM, 4G","17,999"
"Infinix Note Edge Dual Sim - 256GB, 8GB Ram, 5G","17,777"
"Samsung Galaxy A27 Dual Sim - 128GB, 8GB Ram, 5G","17,699"
"Honor X8d Dual Sim - 256GB, 8GB RAM, 4G","17,490"
"Oppo A6 Dual Sim - 256GB,8GB Ram,4G","17,444"
"Realme 15T Dual Sim - 256GB , 8GB RAM,5G","16,999"
"Realme C85 Pro Dual Sim - 256GB, 8GB Ram,4G","16,499"
"Samsung Galaxy A26 Dual Sim - 128GB, 6GB Ram, 5G","16,333"
"Oppo A6 Dual Sim - 128GB,6GB Ram,4G","16,333"
"Vivo Y31d Dual Sim - 256GB, 8GB RAM, 4G","15,999"
"Xiaomi Redmi 17 Dual Sim - 256GB, 6GB Ram, 5G","15,499"
"Honor X7D Dual Sim - 256GB, 8GB RAM, 4G","15,290"
"Realme C85 Dual Sim - 256GB, 8GB Ram,4G","14,999"
"Vivo Y31d Dual Sim - 256GB, 6GB RAM, 4G","14,599"
"Infinix Hot 70 Dual Sim - 256GB,8GB Ram,4G","14,333"
"Tecno Spark Slim Dual Sim - 256GB, 8GB RAM, 4G","14,333"
"Xiaomi Redmi 17 Dual Sim - 256GB, 4GB Ram, 5G","13,999"
"Samsung Galaxy A17 Dual Sim - 128GB, 6GB Ram, 4G","13,777"
"Vivo Y31d Dual Sim - 128GB, 8GB RAM, 4G","13,777"
"Infinix Hot 70 Dual Sim - 128GB,6GB Ram,4G","13,444"
"Oppo A6 Dual Sim - 128GB,4GB Ram,4G","13,222"
"Honor X7e Dual Sim - 256GB, 6GB RAM, 4G","12,999"
"Xiaomi Redmi 17 Dual Sim - 256GB, 6GB Ram, 4G","12,999"
"Xiaomi Redmi 15C Dual Sim - 256GB, 8GB Ram, 4G","12,555"
"Xiaomi Redmi 17 Dual Sim - 256GB, 4GB Ram, 4G","11,999"
"Vivo Y11d Dual Sim - 128GB, 6GB RAM, 4G","11,999"
"Samsung Galaxy A17 Dual Sim - 128GB, 4GB Ram, 4G","11,888"
"Samsung A07 Dual Sim - 128GB, 6GB Ram, 4G","11,699"
"Oppo A6x Dual Sim - 128GB,4GB Ram,4G","11,333"
"Honor X7e Dual Sim - 128GB, 6GB RAM, 4G","10,999"
"Tecno Spark 50 Dual Sim - 128GB, 6GB RAM, 4G","10,999"
"Vivo Y11d Dual Sim - 128GB, 4GB RAM, 4G","10,999"
"Samsung Galaxy A16 Dual Sim - 128GB, 4GB Ram, 4G","10,777"
"Vivo Y05 Dual Sim - 128GB, 4GB Ram, 4G","9,999"
"Samsung A07 Dual Sim - 128GB, 4GB Ram, 4G","9,990"
"Oppo A6x Dual Sim - 64GB,4GB Ram,4G","9,444"
"Realme C100i Dual Sim - 128GB, 4GB Ram,4G","9,290"
"Infinix Smart 20 Dual Sim - 128GB, 4GB Ram,4G","9,290"
"Honor X5c Plus Dual Sim - 128GB, 4GB RAM, 4G","8,990"
"Samsung A07 Dual Sim - 64GB, 4GB Ram, 4G","8,888"
"Xiaomi Redmi A7 Pro Dual Sim - 128GB, 4GB Ram, 4G","8,750"
"Vivo Y05 Dual Sim - 64GB, 4GB Ram, 4G","8,499"
"Realme C100i Dual Sim - 64GB, 4GB Ram,4G","8,390"
"Tecno Spark Go3 Dual Sim - 128GB, 4GB RAM, 4G","8,222"
"Infinix Smart 20 Dual Sim - 64GB, 4GB Ram,4G","7,777"
"Vivo Y05e Dual Sim - 64GB, 4GB Ram, 4G","7,599"
"Xiaomi Redmi A7 Dual Sim - 64GB, 3GB Ram, 4G","7,399"
"Tecno Spark Go3 Dual Sim - 64GB, 4GB RAM, 4G","7,150"
"Nokia 215 Dual Sim - 128MB, 64MB Ram, 4G","2,299"
